#,Song,Release Date,Last Performed,Where,Body of Work,Era,Single?,Music Video?
001,Tim McGraw,"June 19, 2006","March 17, 2023",Eras Tour,Taylor Swift,Taylor Swift,Single,Music Video
002,Picture To Burn,"October 24, 2006","July 14, 2023",Eras Tour,Taylor Swift,Taylor Swift,Single,Music Video
003,Teardrops On My Guitar,"October 24, 2006","May 5, 2023",Eras Tour,Taylor Swift,Taylor Swift,Single,Music Video
004,A Place in this World,"October 24, 2006","April 22, 2023",Eras Tour,Taylor Swift,Taylor Swift,,
005,Cold As You,"October 24, 2006","April 23, 2023",Eras Tour,Taylor Swift,Taylor Swift,,
006,The Outside,"October 24, 2006","October 18, 2008",Taylor Swift at McKenzie Arena,Taylor Swift,Taylor Swift,,
007,Tied Together with a Smile,"October 24, 2006","July 23, 2023",Eras Tour,Taylor Swift,Taylor Swift,,
008,Stay Beautiful,"October 24, 2006","October 18,, 2008",Taylor Swift at McKenzie Arena,Taylor Swift,Taylor Swift,,
009,Should've Said No,"October 24, 2006","May 19, 2023",Eras Tour,Taylor Swift,Taylor Swift,Single,Music Video
010,Mary's Song (Oh My My My),"October 24, 2006","October 18, 2008",Taylor Swift at McKenzie Arena,Taylor Swift,Taylor Swift,,
011,Our Song,"October 24, 2006","August 4, 2023",Eras Tour,Taylor Swift,Taylor Swift,Single,Music Video
012,I Heart ?,"October 24, 2006",,,Taylor Swift (Best Buy Digital Deluxe),Taylor Swift,Promotional,
013,Last Christmas,"October 14, 2007",,,Sounds Of The Season: The Taylor Swift Holiday Collection,Taylor Swift,,
014,Christmases When You Were Mine,"October 14, 2007","December 25, 2007",Today Show,Sounds Of The Season: The Taylor Swift Holiday Collection,Taylor Swift,,
015,Santa Baby,"October 14, 2007","December 8, 2007",The Mall of America,Sounds Of The Season: The Taylor Swift Holiday Collection,Taylor Swift,,
016,Silent Night,"October 14, 2007",November 28. 2007,Rockefeller Center Tree Lighting,Sounds Of The Season: The Taylor Swift Holiday Collection,Taylor Swift,,
017,Christmas Must Be Something More,"October 14, 2007",,,Sounds Of The Season: The Taylor Swift Holiday Collection,Taylor Swift,,
018,White Christmas,"October 14, 2007",,,Sounds Of The Season: The Taylor Swift Holiday Collection,Taylor Swift,,
019,I'm Only Me When I'm With You,"March 18, 2008","June 30, 2023",Eras Tour,Taylor Swift (Deluxe),Taylor Swift,,Music Video
020,Invisible,"March 18, 2008","May 20, 2023",Eras Tour,Taylor Swift (Deluxe),Taylor Swift,,
021,A Perfectly Good Heart,"March 18, 2008","October 18, 2008",Taylor Swift at McKenzie Arena,Taylor Swift (Deluxe),Taylor Swift,,
022,Teardrops on My Guitar - Pop Version,"March 18, 2008",----------------------------,----------------------------------------------------,Taylor Swift (Deluxe),Taylor Swift,,
023,Beautiful Eyes,"July 15, 2008","June 8, 2008",Sound Kitchen Studios,Beautiful Eyes,Taylor Swift,Promotional,Music Video
024,Should've Said No (alternate version),"July 15, 2008",----------------------------,----------------------------------------------------,Beautiful Eyes,Taylor Swift,,
025,Teardrops On My Guitar (acoustic version),"July 15, 2008",----------------------------,----------------------------------------------------,Beautiful Eyes,Taylor Swift,,
026,Picture To Burn (radio edit),"July 15, 2008",----------------------------,----------------------------------------------------,Beautiful Eyes,Taylor Swift,,
027,Change,"August 8, 2008","July 27, 2018",Reputation Stadium Tour,Fearless,Fearless,Promotional,Music Video
028,Love Story,"September 15, 2008","November 23, 2024",Eras Tour,Fearless,Fearless,Single,Music Video
029,Breathe,"October 21, 2008","June 10, 2023",Eras Tour,Fearless,Fearless,Promotional,
030,You're Not Sorry,"October 28, 2008","April 21, 2023",Eras Tour,Fearless,Fearless,Promotional,
031,Fearless,"November 11, 2008","November 23, 2024",Eras Tour,Fearless,Fearless,Single,Music Video
032,Fifteen,"November 11, 2008","May 6, 2023",Eras Tour,Fearless,Fearless,Single,Music Video
033,Hey Stephen,"November 11, 2008","May 14, 2023",Eras Tour,Fearless,Fearless,,
034,White Horse,"November 11, 2008","March 25, 2023",Reputation Stadium Tour,Fearless,Fearless,Single,Music Video
035,You Belong With Me,"November 11, 2008","November 23, 2024",Eras Tour,Fearless,Fearless,Single,Music Video
036,Tell Me Why,"November 11, 2008","August 25, 2023",Eras Tour,Fearless,Fearless,,
037,The Way I Loved You,"November 11, 2008","June 5, 2010",Fearless Tour,Fearless,Fearless,,
038,Forever & Always,"November 11, 2008","May 13, 2023",Eras Tour,Fearless,Fearless,,
039,The Best Day,"November 11, 2008","May 14, 2023",Eras Tour,Fearless,Fearless,,Music Video
040,Crazier,"March 24, 2009",,,Soundtrack,Fearless,,Music Video
041,Two Is Better Than One,"October 19, 2009","February 4, 2010",Fearless Tour,Collab,Fearless,Single,Music Video
042,Jump Then Fall,"October 26, 2009","April 2, 2023",Eras Tour,Fearless (Platinum Edition),Fearless,,
043,Untouchable,"October 26, 2009","September 3, 2011",Speak Now World Tour,Fearless (Platinum Edition),Fearless,,
044,Forever & Always (Piano Version),"October 26, 2009",----------------------------,----------------------------------------------------,Fearless (Platinum Edition),Fearless,,
045,Come In With The Rain,"October 26, 2009",,,Fearless (Platinum Edition),Fearless,,
046,Superstar,"October 26, 2009",,,Fearless (Platinum Edition),Fearless,,
047,The Other Side Of The Door,"October 26, 2009","April 28, 2023",Eras Tour,Fearless (Platinum Edition),Fearless,,
048,Half of My Heart,"November 17, 2009","December 11, 2009",Jingle Ball,Collab,Fearless,Single,Music Video
049,Today Was A Fairytale,"January 19, 2010","April 22, 2023",Eras Tour,Soundtrack,Fearless,Promotional,
050,Mine,"August 3, 2010","May 7, 2023",Eras Tour,Speak Now,Speak Now,Single,Music Video
051,Speak Now,"October 5, 2010","April 13, 2023",Eras Tour,Speak Now,Speak Now,Promotional,
052,Sparks Fly,"October 25, 2010","May 5, 2023",Eras Tour,Speak Now,Speak Now,Single,Music Video
053,Back To December,"October 25, 2010","July 15, 2023",Eras Tour,Speak Now,Speak Now,Single,Music Video
054,Dear John,"October 25, 2010","June 24, 2023",Eras Tour,Speak Now,Speak Now,,
055,Mean,"October 25, 2010","April 15, 2023",Eras Tour,Speak Now,Speak Now,Single,Music Video
056,The Story Of Us,"October 25, 2010","June 17, 2023",Eras Tour,Speak Now,Speak Now,Single,Music Video
057,Never Grow Up,"October 25, 2010","July 7, 2023",Eras Tour,Speak Now,Speak Now,,
058,Enchanted,"October 25, 2010","November 23, 2024",Eras Tour,Speak Now,Speak Now,,
059,Better Than Revenge,"October 25, 2010","March 18, 2012",Speak Now World Tour,Speak Now,Speak Now,,
060,Innocent,"October 25, 2010","September 12, 2010",2010 MTV Video Music Awards,Speak Now,Speak Now,,
061,Haunted,"October 25, 2010","June 9, 2023",Eras Tour,Speak Now,Speak Now,Promotional,
062,Last Kiss,"October 25, 2010","July 8, 2023",Eras Tour,Speak Now,Speak Now,,
063,Long Live,"October 25, 2010","November 23, 2024",Eras Tour,Speak Now,Speak Now,,
064,Ours,"October 25, 2010","March 31, 2023",Eras Tour,Speak Now (Deluxe),Speak Now,Single,Music Video
065,If This Was A Movie,"October 25, 2010","June 23, 2023",Eras Tour,Speak Now (Deluxe),Speak Now,Promotional,
066,Superman,"October 25, 2010","September 24, 2011",Speak Now World Tour,Speak Now (Deluxe),Speak Now,Promotional,
067,Back to December - Acoustic,"October 25, 2010",----------------------------,----------------------------------------------------,Speak Now (Deluxe),Speak Now,,
068,Haunted - Acoustic Version,"October 25, 2010",----------------------------,----------------------------------------------------,Speak Now (Deluxe),Speak Now,,
069,Mine - POP Mix,"October 25, 2010",----------------------------,----------------------------------------------------,Speak Now (Deluxe),Speak Now,,
070,Sparks Fly - Live/2011,"November 21, 2011",----------------------------,Speak Now World Tour,Speak Now World Tour -- Live,Speak Now,,
071,Mine - Live/2011,"November 21, 2011",----------------------------,Speak Now World Tour,Speak Now World Tour -- Live,Speak Now,,
072,The Story Of Us - Live/2011,"November 21, 2011",----------------------------,Speak Now World Tour,Speak Now World Tour -- Live,Speak Now,,
073,Mean - Live/2011,"November 21, 2011",----------------------------,Speak Now World Tour,Speak Now World Tour -- Live,Speak Now,,
074,Ours - Live/2011,"November 21, 2011",----------------------------,Speak Now World Tour,Speak Now World Tour -- Live,Speak Now,,
075,Back To December / Apologize / You're Not Sorry - Live/2011,"November 21, 2011",----------------------------,Speak Now World Tour,Speak Now World Tour -- Live,Speak Now,,
076,Better Than Revenge - Live/2011,"November 21, 2011",----------------------------,Speak Now World Tour,Speak Now World Tour -- Live,Speak Now,,
077,Speak Now - Live/2011,"November 21, 2011",----------------------------,Speak Now World Tour,Speak Now World Tour -- Live,Speak Now,,
078,Last Kiss - Live/2011,"November 21, 2011",----------------------------,Speak Now World Tour,Speak Now World Tour -- Live,Speak Now,,
079,Drops of Jupiter - Live/2011,"November 21, 2011",----------------------------,Speak Now World Tour,Speak Now World Tour -- Live,Speak Now,,
080,Bette Davis Eyes - Live/2011,"November 21, 2011",----------------------------,Speak Now World Tour,Speak Now World Tour -- Live,Speak Now,,
081,I Want You Back  - Live/2011,"November 21, 2011",----------------------------,Speak Now World Tour,Speak Now World Tour -- Live,Speak Now,,
082,Dear John - Live/2011,"November 21, 2011",----------------------------,Speak Now World Tour,Speak Now World Tour -- Live,Speak Now,,
083,Enchanted - Live/2011,"November 21, 2011",----------------------------,Speak Now World Tour,Speak Now World Tour -- Live,Speak Now,,
084,Haunted - Live/2011,"November 21, 2011",----------------------------,Speak Now World Tour,Speak Now World Tour -- Live,Speak Now,,
085,Long Live - Live/2011,"November 21, 2011",----------------------------,Speak Now World Tour,Speak Now World Tour -- Live,Speak Now,,
086,Long Live (feat. Paula Fernandes),"November 21, 2011",----------------------------,Speak Now World Tour,Speak Now World Tour -- Live,Speak Now,,
087,Safe & Sound,"December 26, 2011","July 19, 2013",Red Tour,Soundtrack,Speak Now,Promotional,Music Video
088,Long Live (feat. Paula Fernandes),"January 3, 2012",----------------------------,----------------------------------------------------,Remix,Speak Now,Promotional,Music Video
089,Eyes Open,"March 27, 2012","October 17, 2012",Seeley G. Mudd Theater,Soundtrack,Speak Now,Single,
090,Both of Us,"May 22, 2012","April 19, 2013",Red Tour,Collab,Speak Now,Single,Music Video
091,We Are Never Ever Getting Back Together,"August 13, 2012","November 23, 2024",Eras Tour,Red,Red,Single,Music Video
092,Ronan,"September 8, 2012","August 17, 2015",1989 World Tour,Single,Red,Single,
093,Begin Again,"October 1, 2012","April 23, 2023",Eras Tour,Red,Red,Single,Music Video
094,State of Grace,"October 16, 2012","March 18, 2023",Eras Tour,Red,Red,Promotional,
095,Red,"October 22, 2012","May 21, 2023",Eras Tour,Red,Red,Single,Music Video
096,Treacherous,"October 22, 2012","April 13, 2023",Eras Tour,Red,Red,,
097,I Knew You Were Trouble,"October 22, 2012","November 23, 2024",Eras Tour,Red,Red,Single,Music Video
098,All Too Well,"October 22, 2012","September 9, 2019",City of Lover,Red,Red,,
099,22,"October 22, 2012","November 23, 2024",Eras Tour,Red,Red,Single,Music Video
100,I Almost Do,"October 22, 2012","June 9, 2023",Eras Tour,Red,Red,,
101,Stay Stay Stay,"October 22, 2012","July 29, 2013",Eras Tour,Red,Red,,
102,The Last Time,"October 22, 2012","June 16, 2023",Eras Tour,Red,Red,Single,Music Video
103,Holy Ground,"October 22, 2012","May 27, 2023",Eras Tour,Red,Red,,
104,Sad Beautiful Tragic,"October 22, 2012","March 31, 2013",Eras Tour,Red,Red,,
105,The Lucky One,"October 22, 2012","August 11, 2018",Reputation Stadium Tour,Red,Red,,
106,Everything Has Changed,"October 22, 2012","July 22, 2023",Eras Tour,Red,Red,Single,Music Video
107,Starlight,"October 22, 2012","July 15, 2023",Eras Tour,Red,Red,,
108,The Moment I Knew,"October 22, 2012","June 4, 2023",Eras Tour,Red (Deluxe),Red,Promotional,
109,Come Back...Be Here,"October 22, 2012","May 12, 2023",Eras Tour,Red (Deluxe),Red,Promotional,
110,Girl at Home,"October 22, 2012",,,Red (Deluxe),Red,Promotional,
111,Red (original demo recording),"October 22, 2012",----------------------------,----------------------------------------------------,Red (Deluxe),Red,,
112,Treacherous (original demo recording),"October 22, 2012",----------------------------,----------------------------------------------------,Red (Deluxe),Red,,
113,State of Grace (Acoustic Version),"October 22, 2012",----------------------------,----------------------------------------------------,Red (Deluxe),Red,,
114,Highway Don't Care,"March 25, 2013","June 15, 2013",Red Tour,Collab,Red,Single,Music Video
115,Everything Has Changed (Remix),"July 23, 2013",----------------------------,----------------------------------------------------,Remix,Red,,
116,Sweeter Than Fiction,"October 21, 2013","November 21, 2013","Four Seasons Hotel, Beverly Hills",Soundtrack,Red,Promotional,
117,Shake It Off,"August 19, 2014","November 23, 2024",Eras Tour,1989,1989,Single,Music Video
118,Welcome To New York,"October 20, 2014","May 28, 2023",Eras Tour,1989,1989,Promotional,
119,Blank Space,"October 27, 2014","November 23, 2024",Eras Tour,1989,1989,Single,Music Video
120,Style,"October 27, 2014","November 23, 2024",Eras Tour,1989,1989,Single,Music Video
121,Out Of The Woods,"October 27, 2014","May 6, 2023",Eras Tour,1989,1989,Single,Music Video
122,All You Had To Do Was Stay,"October 27, 2014","June 10, 2023",Eras Tour,1989,1989,,
123,I Wish You Would,"October 27, 2014","June 2, 2023",Eras Tour,1989,1989,,
124,Bad Blood,"October 27, 2014","November 23, 2024",Eras Tour,1989,1989,Single,
125,Wildest Dreams,"October 27, 2014","November 23, 2024",Eras Tour,1989,1989,Single,Music Video
126,How You Get The Girl,"October 27, 2014","April 30, 2023",Eras Tour,1989,1989,,
127,This Love,"October 27, 2014","May 13, 2023",Eras Tour,1989,1989,,
128,I Know Places,"October 27, 2014","August 8, 2023",Eras Tour,1989,1989,,
129,Clean,"October 27, 2014","May 28, 2023",Eras Tour,1989,1989,,
130,Wonderland,"October 27, 2014","April 21, 2023",Eras Tour,1989 (Deluxe),1989,Promotional,
131,You Are In Love,"October 27, 2014","August 4, 2023",Eras Tour,1989 (Deluxe),1989,Promotional,
132,New Romantics,"October 27, 2014","August 9, 2023",Eras Tour,1989 (Deluxe),1989,Single,Music Video
133,Bad Blood (feat. Kendrick Lamar),"May 11, 2015",----------------------------,----------------------------------------------------,Remix,1989,Single,Music Video
134,Wildest Dreams (R3hab Remix),"October 17, 2015",----------------------------,----------------------------------------------------,Remix,1989,,
135,I Don't Wanna Live Forever,"December 9, 2016","June 3, 2023",Eras Tour,Collab,1989,Single,Music Video
136,Look What You Made Me Do,"August 24, 2017","November 23, 2024",Eras Tour,reputation,reputation,Single,Music Video
137,...Ready for It?,"September 17, 2017","November 23, 2024",Eras Tour,reputation,reputation,Single,Music Video
138,Gorgeous,"October 20, 2017","April 29, 2023",Eras Tour,reputation,reputation,Promotional,
139,Big Star (with Taylor Swift) - Live,"October 27, 2017","March 26, 2015",The Big Revival Tour,Collab,reputation,,
140,Call It What You Want,"November 3, 2017","July 1, 2023",Reputation Stadium Tour,reputation,reputation,Promotional,
141,End Game,"November 10, 2017","November 21, 2018",Reputation Stadium Tour,reputation,reputation,Single,Music Video
142,I Did Something Bad,"November 10, 2017","November 21, 2018",Reputation Stadium Tour,reputation,reputation,,
143,Don't Blame Me,"November 10, 2017","November 23, 2024",Eras Tour,reputation,reputation,,
144,Delicate,"November 10, 2017","November 23, 2024",Eras Tour,reputation,reputation,Single,Music Video
145,So It Goes...,"November 10, 2017","June 22, 2018",Reputation Stadium Tour,reputation,reputation,,
146,Getaway Car,"November 10, 2017","May 26, 2023",Eras Tour,reputation,reputation,Single,
147,King of My Heart,"November 10, 2017","August 8, 2023",Eras Tour,reputation,reputation,,
148,Dancing With Our Hands Tied,"November 10, 2017","November 21, 2018",Reputation Stadium Tour,reputation,reputation,,
149,Dress,"November 10, 2017","August 7, 2023",Eras Tour,reputation,reputation,,
150,This Is Why We Can't Have Nice Things,"November 10, 2017","July 22, 2023",Eras Tour,reputation,reputation,,
151,New Year's Day,"November 10, 2017","August 9, 2023",Eras Tour,reputation,reputation,Single,
152,...Ready For It? - BloodPop Remix,"December 6, 2017",----------------------------,----------------------------------------------------,Remix,reputation,,
153,Delicate - Recorded At The Tracking Room Nashville,"April 14, 2018",----------------------------,----------------------------------------------------,The Tracking Room Nashville,reputation,,
154,September - Recorded At The Tracking Room Nashville,"April 14, 2018",----------------------------,----------------------------------------------------,The Tracking Room Nashville,reputation,,
155,Babe (Sugarland Version),"April 20, 2018","October 6, 2018",Reputation Stadium Tour,Collab,reputation,Single,Music Video
156,Delicate - Sawyr and Ryan Tedder Mix,"May 25, 2018",----------------------------,----------------------------------------------------,Remix,reputation,,
157,Delicate - Seeb Remix,"June 8, 2018",----------------------------,----------------------------------------------------,Remix,reputation,,
158,ME!,"April 26, 2019","December 13, 2019",Z100 Jingle Ball 2019,Lover,Lover,Single,Music Video
159,You Need To Calm Down,"June 14, 2019","November 23, 2024",Eras Tour,Lover,Lover,Single,Music Video
160,The Archer,"July 23, 2019","November 23, 2024",Eras Tour,Lover,Lover,Promotional,
161,Lover,"August 16, 2019","November 23, 2024",Eras Tour,Lover,Lover,Single,Music Video
162,You Need To Calm Down (Clean Bandit Remix),"August 20, 2019",----------------------------,----------------------------------------------------,Remix,Lover,,
163,I Forgot That You Existed,"August 23, 2019","August 24, 2023",Eras Tour,Lover,Lover,,
164,Cruel Summer,"August 23, 2019","November 23, 2024",Eras Tour,Lover,Lover,Single,
165,The Man,"August 23, 2019","November 23, 2024",Eras Tour,Lover,Lover,Single,Music Video
166,I Think He Knows,"August 23, 2019","May 21, 2023",Eras Tour,Lover,Lover,,
167,Miss Americana & the Heartbreak Prince,"August 23, 2019","November 23, 2024",Eras Tour,Lover,Lover,,
168,Paper Rings,"August 23, 2019","June 23, 2023",Eras Tour,Lover,Lover,,
169,Cornelia Street,"August 23, 2019","August 26, 2023",City of Lover,Lover,Lover,,
170,Death By A Thousand Cuts,"August 23, 2019","August 5, 2023",Eras Tour,Lover,Lover,,
171,London Boy,"August 23, 2019","December 8, 2019",Jingle Bell Ball 2019,Lover,Lover,,
172,Soon You'll Get Better,"August 23, 2019","April 18, 2020",One World: Together at Home,Lover,Lover,,
173,False God,"August 23, 2019","May 27, 2023",Eras Tour,Lover,Lover,,
174,Afterglow,"August 23, 2019","August 27, 2023",Eras Tour,Lover,Lover,,
175,It's Nice To Have A Friend,"August 23, 2019",,,Lover,Lover,,
176,Daylight,"August 23, 2019","June 24, 2023",Eras Tour,Lover,Lover,,
177,Lover (Remix),"November 13, 2019",----------------------------,----------------------------------------------------,Remix,Lover,,
178,Beautiful Ghosts,"November 15, 2019",,,Soundtrack,Lover,Promotional,
179,Lover (First Dance Remix),"November 26, 2019",----------------------------,----------------------------------------------------,Remix,Lover,,
180,Christmas Tree Farm,"December 6, 2019","December 13, 2019",Z100 Jingle Ball 2019,Single,Lover,Single,Music Video
181,Macavity,"December 20, 2019",,,Soundtrack,Lover,,
182,Only The Young,"January 31, 2020",,,Soundtrack,Lover,Promotional,
183,Love Story (Pop Mix),"April 9, 2020",----------------------------,----------------------------------------------------,Remix,Lover,,
184,You're Not Sorry (CSI Remix),"April 9, 2020",----------------------------,----------------------------------------------------,Remix,Lover,,
185,Love Story (Digital Dog Remix),"April 14, 2020",----------------------------,----------------------------------------------------,Remix,Lover,,
186,Love Story,"April 24, 2020","June 28, 2008",Clear Channel Stripped,Live From Clear Channel Stripped 2008,Lover,,
187,Fearless,"April 24, 2020","June 28, 2008",Clear Channel Stripped,Live From Clear Channel Stripped 2008,Lover,,
188,Beautiful Eyes,"April 24, 2020","June 28, 2008",Clear Channel Stripped,Live From Clear Channel Stripped 2008,Lover,,
189,Untouchable,"April 24, 2020","June 28, 2008",Clear Channel Stripped,Live From Clear Channel Stripped 2008,Lover,,
190,Teardrops On My Guitar,"April 24, 2020","June 28, 2008",Clear Channel Stripped,Live From Clear Channel Stripped 2008,Lover,,
191,Picture To Burn,"April 24, 2020","June 28, 2008",Clear Channel Stripped,Live From Clear Channel Stripped 2008,Lover,,
192,Should've Said No,"April 24, 2020","June 28, 2008",Clear Channel Stripped,Live From Clear Channel Stripped 2008,Lover,,
193,Change,"April 24, 2020","June 28, 2008",Clear Channel Stripped,Live From Clear Channel Stripped 2008,Lover,,
194,ME! - Live From Paris,"May 16, 2020","September 9, 2019",City Of Lover,Live From Paris,Lover,,
195,The Archer - Live From Paris,"May 16, 2020","September 9, 2019",City Of Lover,Live From Paris,Lover,,
196,Death By A Thousand Cuts - Live From Paris,"May 16, 2020","September 9, 2019",City Of Lover,Live From Paris,Lover,,
197,Cornelia Street - Live From Paris,"May 16, 2020","September 9, 2019",City Of Lover,Live From Paris,Lover,,
198,The Man - Live From Paris,"May 16, 2020","September 9, 2019",City Of Lover,Live From Paris,Lover,,
199,Daylight - Live From Paris,"May 16, 2020","September 9, 2019",City Of Lover,Live From Paris,Lover,,
200,You Need To Calm Down - Live From Paris,"May 16, 2020","September 9, 2019",City Of Lover,Live From Paris,Lover,,
201,Lover - Live From Paris,"May 16, 2020","September 9, 2019",City Of Lover,Live From Paris,Lover,,
202,the 1,"July 24, 2020","November 23, 2024",Eras Tour,folklore,folklore,Promotional,
203,cardigan,"July 24, 2020","November 23, 2024",Eras Tour,folklore,folklore,Single,Music Video
204,the last great american dynasty,"July 24, 2020","November 23, 2024",Eras Tour,folklore,folklore,,
205,exile,"July 24, 2020","August 7, 2023",Eras Tour,folklore,folklore,Single,
206,my tears ricochet,"July 24, 2020","November 23, 2024",Eras Tour,folklore,folklore,,
207,mirrorball,"July 24, 2020","March 17, 2023",Eras Tour,folklore,folklore,,
208,seven,"July 24, 2020","June 17, 2023",Eras Tour,folklore,folklore,,
209,august,"July 24, 2020","November 23, 2024",Eras Tour,folklore,folklore,,
210,this is me trying,"July 24, 2020","March 18, 2023",Eras Tour,folklore,folklore,,
211,illicit affairs,"July 24, 2020","November 23, 2024",Eras Tour,folklore,folklore,,
212,invisible string,"July 24, 2020","May 6, 2023",Eras Tour,folklore,folklore,,
213,mad woman,"July 24, 2020","April 15, 2023",Eras Tour,folklore,folklore,,
214,epiphany,"July 24, 2020",,,folklore,folklore,,
215,betty,"July 24, 2020","November 23, 2024",Eras Tour,folklore,folklore,Single,
216,peace,"July 24, 2020",,,folklore,folklore,,
217,hoax,"July 24, 2020",,,folklore,folklore,,
218,the lakes,"July 24, 2020","June 2, 2023",Eras Tour,folklore (deluxe version),folklore,Promotional,
219,cardigan (cabin in the candlelight version),"July 30, 2020",----------------------------,----------------------------------------------------,Remix,folklore,,Music Video
220,the 1 - the long pond studio sessions,"November 25, 2020",----------------------------,----------------------------------------------------,folklore: the long pond studio sessions,folklore,,
221,cardigan - the long pond studio sessions,"November 25, 2020",----------------------------,----------------------------------------------------,folklore: the long pond studio sessions,folklore,,
222,the last great american dynasty - the long pond studio sessions,"November 25, 2020",----------------------------,----------------------------------------------------,folklore: the long pond studio sessions,folklore,,
223,exile - the long pond studio sessions,"November 25, 2020",----------------------------,----------------------------------------------------,folklore: the long pond studio sessions,folklore,,
224,my tears ricochet - the long pond studio sessions,"November 25, 2020",----------------------------,----------------------------------------------------,folklore: the long pond studio sessions,folklore,,
225,mirrorball - the long pond studio sessions,"November 25, 2020",----------------------------,----------------------------------------------------,folklore: the long pond studio sessions,folklore,,
226,seven - the long pond studio sessions,"November 25, 2020",----------------------------,----------------------------------------------------,folklore: the long pond studio sessions,folklore,,
227,august - the long pond studio sessions,"November 25, 2020",----------------------------,----------------------------------------------------,folklore: the long pond studio sessions,folklore,,
228,this is me trying - the long pond studio sessions,"November 25, 2020",----------------------------,----------------------------------------------------,folklore: the long pond studio sessions,folklore,,
229,illicit affairs - the long pond studio sessions,"November 25, 2020",----------------------------,----------------------------------------------------,folklore: the long pond studio sessions,folklore,,
230,invisible string - the long pond studio sessions,"November 25, 2020",----------------------------,----------------------------------------------------,folklore: the long pond studio sessions,folklore,,
231,mad woman - the long pond studio sessions,"November 25, 2020",----------------------------,----------------------------------------------------,folklore: the long pond studio sessions,folklore,,
232,epiphany - the long pond studio sessions,"November 25, 2020",----------------------------,----------------------------------------------------,folklore: the long pond studio sessions,folklore,,
233,betty - the long pond studio sessions,"November 25, 2020",----------------------------,----------------------------------------------------,folklore: the long pond studio sessions,folklore,,
234,peace - the long pond studio sessions,"November 25, 2020",----------------------------,----------------------------------------------------,folklore: the long pond studio sessions,folklore,,
235,hoax - the long pond studio sessions,"November 25, 2020",----------------------------,----------------------------------------------------,folklore: the long pond studio sessions,folklore,,
236,the lakes - the long pond studio sessions,"November 25, 2020",----------------------------,----------------------------------------------------,folklore: the long pond studio sessions,folklore,,
237,willow,"December 11, 2020","November 23, 2024",Eras Tour,evermore,evermore,Single,Music Video
238,champagne problems,"December 11, 2020","November 23, 2024",Eras Tour,evermore,evermore,,
239,gold rush,"December 11, 2020","May 12, 2023",Eras Tour,evermore,evermore,,
240,tis the damn season,"December 11, 2020","November 23, 2024",Eras Tour,evermore,evermore,,
241,tolerate it,"December 11, 2020","November 23, 2024",Eras Tour,evermore,evermore,,
242,"no body, no crime","December 11, 2020","August 9, 2023",Eras Tour,evermore,evermore,Single,
243,happiness,"December 11, 2020",,,evermore,evermore,,
244,dorothea,"December 11, 2020","July 8, 2023",Eras Tour,evermore,evermore,,
245,coney island,"December 11, 2020","April 28, 2023",Eras Tour,evermore,evermore,Single,
246,ivy,"December 11, 2020","July 1, 2023",,evermore,evermore,,
247,cowboy like me,"December 11, 2020","March 25, 2023",Eras Tour,evermore,evermore,,
248,long story short,"December 11, 2020",,,evermore,evermore,,
249,marjorie,"December 11, 2020","November 23, 2024",Eras Tour,evermore,evermore,,
250,closure,"December 11, 2020",,,evermore,evermore,,
251,evermore,"December 11, 2020","June 30, 2023",Eras Tour,evermore,evermore,,
252,right where you left me,"December 11, 2020","July 28, 2023",Eras Tour,evermore (deluxe version),evermore,,
253,it's time to go,"December 11, 2020",,,evermore (deluxe version),evermore,,
254,willow - dancing witch version (Elvira remix),"December 13, 2020",----------------------------,----------------------------------------------------,Remix,evermore,,
255,willow - lonely witch version,"December 14, 2020",----------------------------,----------------------------------------------------,Remix,evermore,,
256,willow - moonlit witch version,"December 15, 2020",----------------------------,----------------------------------------------------,Remix,evermore,,
257,Love Story (Taylor's Version),February 12. 2021,----------------------------,----------------------------------------------------,Fearless (Taylor's Version),Fearless (Taylor's Version),Single,
258,Gasoline,"February 19, 2021","June 21, 2022",HAIM Tour,Collab,Fearless (Taylor's Version),Single,
259,Love Story (Taylor's Version) (Elvira Remix),"March 26, 2021",----------------------------,----------------------------------------------------,Remix,Fearless (Taylor's Version),,
260,You All Over Me (Taylor's Version) (From The Vault),March 26. 2021,"June 3, 2022",Eras Tour,Fearless (Taylor's Version),Fearless (Taylor's Version),Promotional,
261,Mr. Perfectly Fine (Taylor's Version) (From The Vault),"April 7, 2021","June 16, 2023",Eras Tour,Fearless (Taylor's Version),Fearless (Taylor's Version),Promotional,
262,Fearless (Taylor's Version),"April 9, 2021",----------------------------,----------------------------------------------------,Fearless (Taylor's Version),Fearless (Taylor's Version),,
263,FIfteen (Taylor's Version),"April 9, 2021",----------------------------,----------------------------------------------------,Fearless (Taylor's Version),Fearless (Taylor's Version),,
264,Hey Stephen (Taylor's Version),"April 9, 2021",----------------------------,----------------------------------------------------,Fearless (Taylor's Version),Fearless (Taylor's Version),,
265,White Horse (Taylor's Version),"April 9, 2021",----------------------------,----------------------------------------------------,Fearless (Taylor's Version),Fearless (Taylor's Version),,
266,You Belong With Me (Taylor's Version),"April 9, 2021",----------------------------,----------------------------------------------------,Fearless (Taylor's Version),Fearless (Taylor's Version),,
267,Breathe (Taylor's Version),"April 9, 2021",----------------------------,----------------------------------------------------,Fearless (Taylor's Version),Fearless (Taylor's Version),,
268,Tell Me Why (Taylor's Version),"April 9, 2021",----------------------------,----------------------------------------------------,Fearless (Taylor's Version),Fearless (Taylor's Version),,
269,You're Not Sorry (Taylor's Version),"April 9, 2021",----------------------------,----------------------------------------------------,Fearless (Taylor's Version),Fearless (Taylor's Version),,
270,The Way I Loved You (Taylor's Version),"April 9, 2021",----------------------------,----------------------------------------------------,Fearless (Taylor's Version),Fearless (Taylor's Version),,
271,Forever & Always (Taylor's Version),"April 9, 2021",----------------------------,----------------------------------------------------,Fearless (Taylor's Version),Fearless (Taylor's Version),,
272,The Best Day (Taylor's Version),"April 9, 2021",----------------------------,----------------------------------------------------,Fearless (Taylor's Version),Fearless (Taylor's Version),,Music Video
273,Change (Taylor's Version),"April 9, 2021",----------------------------,----------------------------------------------------,Fearless (Taylor's Version),Fearless (Taylor's Version),,
274,Jump Then Fall (Taylor's Version),"April 9, 2021",----------------------------,----------------------------------------------------,Fearless (Taylor's Version),Fearless (Taylor's Version),,
275,Untouchable (Taylor's Version),"April 9, 2021",----------------------------,----------------------------------------------------,Fearless (Taylor's Version),Fearless (Taylor's Version),,
276,Forever & Always (Piano Version) (Taylor's Version),"April 9, 2021",----------------------------,----------------------------------------------------,Fearless (Taylor's Version),Fearless (Taylor's Version),,
277,Come In With The Rain (Taylor's Version),"April 9, 2021",----------------------------,----------------------------------------------------,Fearless (Taylor's Version),Fearless (Taylor's Version),,
278,Superstar (Taylor's Version),"April 9, 2021",----------------------------,----------------------------------------------------,Fearless (Taylor's Version),Fearless (Taylor's Version),,
279,The Other Side Of The Door (Taylor's Version),"April 9, 2021",----------------------------,----------------------------------------------------,Fearless (Taylor's Version),Fearless (Taylor's Version),,
280,Today Was A Fairytale (Taylor's Version),"April 9, 2021",----------------------------,----------------------------------------------------,Fearless (Taylor's Version),Fearless (Taylor's Version),,
281,We Were Happy (Taylor's Version) (From The Vault),"April 9, 2021",,,Fearless (Taylor's Version),Fearless (Taylor's Version),,
282,That's When (Taylor's Version) (From The Vault),"April 9, 2021",,,Fearless (Taylor's Version),Fearless (Taylor's Version),,
283,Don't You (Taylor's Version) (From The Vault),"April 9, 2021",,,Fearless (Taylor's Version),Fearless (Taylor's Version),,
284,Bye Bye Baby (Taylor's Version) (From The Vault),"April 9, 2021",,,Fearless (Taylor's Version),Fearless (Taylor's Version),,
285,willow (90's trend remix),"June 3, 2021",----------------------------,----------------------------------------------------,Remix,Fearless (Taylor's Version),,
286,Renegade,"July 2, 2021",,,Collab,Red (Taylor's Version),Single,Music Video
287,Renegade (Pop Version),"July 2, 2021",,,Collab,Red (Taylor's Version),Single,
288,the lakes - original version,"July 24, 2021",----------------------------,----------------------------------------------------,Remix,Red (Taylor's Version),,
289,Birch,"August 27, 2021",,,Collab,Red (Taylor's Version),,
290,Wildest Dreams (Taylor's Version),"September 17, 2021",----------------------------,----------------------------------------------------,1989 (Taylor's Version),Red (Taylor's Version),Single,
291,State of Grace (Taylor's Version),"November 12, 2021",----------------------------,----------------------------------------------------,Red (Taylor's Version),Red (Taylor's Version),,
292,Red (Taylor's Version),"November 12, 2021",----------------------------,----------------------------------------------------,Red (Taylor's Version),Red (Taylor's Version),,
293,Treacherous (Taylor's Version),"November 12, 2021",----------------------------,----------------------------------------------------,Red (Taylor's Version),Red (Taylor's Version),,
294,I Knew You Were Trouble (Taylor's Version),"November 12, 2021",----------------------------,----------------------------------------------------,Red (Taylor's Version),Red (Taylor's Version),,
295,All Too Well (Taylor's Version),"November 12, 2021",----------------------------,----------------------------------------------------,Red (Taylor's Version),Red (Taylor's Version),,
296,22 (Taylor's Version),"November 12, 2021",----------------------------,----------------------------------------------------,Red (Taylor's Version),Red (Taylor's Version),,
297,I Almost Do (Taylor's Version),"November 12, 2021",----------------------------,----------------------------------------------------,Red (Taylor's Version),Red (Taylor's Version),,
298,We Are Never Ever Getting Back Together (Taylor's Version),"November 12, 2021",----------------------------,----------------------------------------------------,Red (Taylor's Version),Red (Taylor's Version),,
299,Stay Stay Stay (Taylor's Version),"November 12, 2021",----------------------------,----------------------------------------------------,Red (Taylor's Version),Red (Taylor's Version),,
300,The Last Time (Taylor's Version),"November 12, 2021",----------------------------,----------------------------------------------------,Red (Taylor's Version),Red (Taylor's Version),,
301,Holy Ground (Taylor's Version),"November 12, 2021",----------------------------,----------------------------------------------------,Red (Taylor's Version),Red (Taylor's Version),,
302,Sad Beautiful Tragic (Taylor's Version),"November 12, 2021",----------------------------,----------------------------------------------------,Red (Taylor's Version),Red (Taylor's Version),,
303,The Lucky One (Taylor's Version),"November 12, 2021",----------------------------,----------------------------------------------------,Red (Taylor's Version),Red (Taylor's Version),,
304,Everything Has Changed (Taylor's Version),"November 12, 2021",----------------------------,----------------------------------------------------,Red (Taylor's Version),Red (Taylor's Version),,
305,Starlight (Taylor's Version),"November 12, 2021",----------------------------,----------------------------------------------------,Red (Taylor's Version),Red (Taylor's Version),,
306,Begin Again (Taylor's Version),"November 12, 2021",----------------------------,----------------------------------------------------,Red (Taylor's Version),Red (Taylor's Version),,
307,The Moment I Knew (Taylor's Version),"November 12, 2021",----------------------------,----------------------------------------------------,Red (Taylor's Version),Red (Taylor's Version),,
308,Come Back... Be Here (Taylor's Version),"November 12, 2021",----------------------------,----------------------------------------------------,Red (Taylor's Version),Red (Taylor's Version),,
309,Girl at Home (Taylor's Version),"November 12, 2021",----------------------------,----------------------------------------------------,Red (Taylor's Version),Red (Taylor's Version),,
310,State of Grace (Acoustic Version) (Taylor's Version),"November 12, 2021",----------------------------,----------------------------------------------------,Red (Taylor's Version),Red (Taylor's Version),,
311,Ronan (Taylor's Version),"November 12, 2021",----------------------------,----------------------------------------------------,Red (Taylor's Version),Red (Taylor's Version),,
312,Better Man (Taylor's Version) (From The Vault),"November 12, 2021","May 19, 2023",Eras Tour,Red (Taylor's Version),Red (Taylor's Version),,
313,Nothing New (Taylor's Version) (From The Vault),"November 12, 2021","May 28, 2023",Eras Tour,Red (Taylor's Version),Red (Taylor's Version),,
314,Babe (Taylor's Version) (From The Vault),"November 12, 2021",----------------------------,----------------------------------------------------,Red (Taylor's Version),Red (Taylor's Version),,
315,Message In A Bottle (Taylor's Version) (From The Vault),"November 12, 2021","July 23, 2023",Eras Tour,Red (Taylor's Version),Red (Taylor's Version),Single,
316,I Bet You Think About Me (Taylor's Version) (From The Vault),"November 12, 2021","April 30, 2023",Eras Tour,Red (Taylor's Version),Red (Taylor's Version),Single,Music Video
317,Forever Winter (Taylor's Version) (From The Vault),"November 12, 2021",,,Red (Taylor's Version),Red (Taylor's Version),,
318,Run (Taylor's Version) (From The Vault),"November 12, 2021",,,Red (Taylor's Version),Red (Taylor's Version),,
319,The Very First Night (Taylor's Version) (From The Vault),"November 12, 2021",,,Red (Taylor's Version),Red (Taylor's Version),,
320,All Too Well (10 Minute Version) (Taylor's Version) (From The Vault),"November 12, 2021","November 23, 2024",Eras Tour,Red (Taylor's Version),Red (Taylor's Version),Promotional,Music Video
321,All Too Well (Sad Girl Autumn Version) - Recorded at Long Pond Studios,"November 17, 2021",----------------------------,----------------------------------------------------,Remix,Red (Taylor's Version),,
322,Christmas Tree Farm (Old Timey Version),"November 22, 2021",----------------------------,----------------------------------------------------,Remix,Red (Taylor's Version),,
323,Message In A Bottle (Fat Max G Remix) (Taylor's Version),"January 20, 2022",----------------------------,----------------------------------------------------,Remix,Red (Taylor's Version),,
324,The Joker and the Queen,"February 11, 2022",,,Collab,Red (Taylor's Version),Single,Music Video
325,This Love (Taylor's Version),"May 6, 2022",----------------------------,----------------------------------------------------,1989 (Taylor's Version),Red (Taylor's Version),Single,
326,All Too Well (10 Minute Version) (The Short Film),"June 11, 2022",----------------------------,----------------------------------------------------,Remix,Red (Taylor's Version),,
327,Carolina,"June 24, 2022",,,Soundtrack,Red (Taylor's Version),Promotional,
328,Lavender Haze,"October 21, 2022","November 23, 2024",Eras Tour,Midnights,Midnights,Single,Music Video
329,Maroon,"October 21, 2022","August 27, 2023",Eras Tour,Midnights,Midnights,,
330,Anti-Hero,"October 21, 2022","November 23, 2024",Eras Tour,Midnights,Midnights,Single,Music Video
331,Snow On The Beach,"October 21, 2022","August 25, 2023",Eras Tour,Midnights,Midnights,,
332,"You're On Your Own, Kid","October 21, 2022","August 26, 2023",Eras Tour,Midnights,Midnights,,
333,Midnight Rain,"October 21, 2022","November 23, 2024",Eras Tour,Midnights,Midnights,,
334,Question...?,"October 21, 2022","May 20, 2023",Eras Tour,Midnights,Midnights,Promotional,
335,Vigilante Shit,"October 21, 2022","November 23, 2024",Eras Tour,Midnights,Midnights,,
336,Bejeweled,"October 21, 2022","November 23, 2024",Eras Tour,Midnights,Midnights,Promotional,Music Video
337,Labyrinth,"October 21, 2022",,,Midnights,Midnights,,
338,Karma,"October 21, 2022","November 23, 2024",Eras Tour,Midnights,Midnights,Single,
339,Sweet Nothing,"October 21, 2022","August 24, 2023",Eras Tour ,Midnights,Midnights,,
340,Mastermind,"October 21, 2022","November 23, 2024",Eras Tour,Midnights,Midnights,,
341,Hits Different,"October 21, 2022","June 4, 2023",Eras Tour,Midnights (Lavender Edition),Midnights,,
342,"You're On Your Own, Kid (Strings Remix)","October 21, 2022",----------------------------,----------------------------------------------------,Midnights (Lavender Edition),Midnights,,
343,Sweet Nothing (Piano Remix),"October 21, 2022",----------------------------,----------------------------------------------------,Midnights (Lavender Edition),Midnights,,
344,The Great War,"October 21, 2022","April 14, 2023",Eras Tour,Midnights (3am Edition),Midnights,,
345,Bigger Than The Whole Sky,"October 21, 2022",,,Midnights (3am Edition),Midnights,,
346,Paris,"October 21, 2022",,,Midnights (3am Edition),Midnights,,
347,High Infidelity,"October 21, 2022","April 29, 2023",Eras Tour,Midnights (3am Edition),Midnights,,
348,Glitch,"October 21, 2022",,,Midnights (3am Edition),Midnights,,
349,"Would've, Could've, Should've","October 21, 2022","May 7, 2023",Eras Tour,Midnights (3am Edition),Midnights,,
350,Dear Reader,"October 21, 2022",,,Midnights (3am Edition),Midnights,,
351,Anti-Hero (Bleachers Remix),"November 7, 2022",----------------------------,----------------------------------------------------,Remix,Midnights,,
352,Anti-Hero (Roosevelt Remix),"November 9, 2022",----------------------------,----------------------------------------------------,Remix,Midnights,,
353,Anti-Hero (Kungs Remix),"November 10, 2022",----------------------------,----------------------------------------------------,Remix,Midnights,,
354,Anti-Hero (Jayda G Remix),"November 10, 2022",----------------------------,----------------------------------------------------,Remix,Midnights,,
355,Anti-Hero (Acoustic Version),"November 11, 2022",----------------------------,----------------------------------------------------,Remix,Midnights,,
356,Anti-Hero (Kungs Remix extended),"November 11, 2022",----------------------------,----------------------------------------------------,Remix,Midnights,,
357,Anti-Hero (Illenium Remix),"November 17, 2022",----------------------------,----------------------------------------------------,Remix,Midnights,,
358,Lavender Haze (Felix Jaehn Remix),"February 10, 2023",----------------------------,----------------------------------------------------,Remix,Midnights,,
359,Lavender Haze (Tensnake Remix),"March 3, 2023",----------------------------,----------------------------------------------------,Remix,Midnights,,
360,Lavender Haze (Snakehips Remix),"March 3, 2023",----------------------------,----------------------------------------------------,Remix,Midnights,,
361,Lavender Haze (Jungle Remix),"March 3, 2023",----------------------------,----------------------------------------------------,Remix,Midnights,,
362,Safe & Sound (Taylor's Version),"March 17, 2023",----------------------------,----------------------------------------------------,More Red (Taylor's Version),Midnights,Promotional,
363,Eyes Open (Taylor's Version),"March 17, 2023",----------------------------,----------------------------------------------------,More Red (Taylor's Version),Midnights,Promotional,
364,If This Was A Movie (Taylor's Version),"March 17, 2023",----------------------------,----------------------------------------------------,More Fearless (Taylor's Version),Midnights,Promotional,
365,All Of The Girls You Loved Before,"March 17, 2023","July 29, 2023",Eras Tour,More Lover,Midnights,Promotional,
366,Lavender Haze (Acoustic Version),"March 31, 2023",----------------------------,----------------------------------------------------,Remix,Midnights,,
367,The Alcott,"April 28, 2023",,,Collab,Midnights,,
368,Snow On The Beach (feat. More Lana Del Rey),"May 26, 2023",----------------------------,----------------------------------------------------,Midnights (The Til Dawn Edition),Speak Now (Taylor's Version),,
369,Karma (feat. Ice Spice),"May 26, 2023","May 28, 2023",Eras Tour,Midnights (The Til Dawn Edition),Speak Now (Taylor's Version),,Music Video
370,You're Losing Me (From The Vault),"May 26, 2023",,,Midnights (The Late Night Edition),Speak Now (Taylor's Version),,
371,Mine (Taylor's Version),"July 7, 2023",----------------------------,----------------------------------------------------,Speak Now (Taylor's Version),Speak Now (Taylor's Version),,
372,Sparks Fly (Taylor's Version),"July 7, 2023",----------------------------,----------------------------------------------------,Speak Now (Taylor's Version),Speak Now (Taylor's Version),,
373,Back To December (Taylor's Version),"July 7, 2023",----------------------------,----------------------------------------------------,Speak Now (Taylor's Version),Speak Now (Taylor's Version),,
374,Speak Now (Taylor's Version),"July 7, 2023",----------------------------,----------------------------------------------------,Speak Now (Taylor's Version),Speak Now (Taylor's Version),,
375,Dear John (Taylor's Version),"July 7, 2023",----------------------------,----------------------------------------------------,Speak Now (Taylor's Version),Speak Now (Taylor's Version),,
376,Mean (Taylor's Version),"July 7, 2023",----------------------------,----------------------------------------------------,Speak Now (Taylor's Version),Speak Now (Taylor's Version),,
377,The Story Of Us (Taylor's Version),"July 7, 2023",----------------------------,----------------------------------------------------,Speak Now (Taylor's Version),Speak Now (Taylor's Version),,
378,Never Grow Up (Taylor's Version),"July 7, 2023",----------------------------,----------------------------------------------------,Speak Now (Taylor's Version),Speak Now (Taylor's Version),,
379,Enchanted (Taylor's Version),"July 7, 2023",----------------------------,----------------------------------------------------,Speak Now (Taylor's Version),Speak Now (Taylor's Version),,
380,Better Than Revenge (Taylor's Version),"July 7, 2023",----------------------------,----------------------------------------------------,Speak Now (Taylor's Version),Speak Now (Taylor's Version),,
381,Innocent (Taylor's Version),"July 7, 2023",----------------------------,----------------------------------------------------,Speak Now (Taylor's Version),Speak Now (Taylor's Version),,
382,Haunted (Taylor's Version),"July 7, 2023",----------------------------,----------------------------------------------------,Speak Now (Taylor's Version),Speak Now (Taylor's Version),,
383,Last Kiss (Taylor's Version),"July 7, 2023",----------------------------,----------------------------------------------------,Speak Now (Taylor's Version),Speak Now (Taylor's Version),,
384,Long Live (Taylor's Version),"July 7, 2023",----------------------------,----------------------------------------------------,Speak Now (Taylor's Version),Speak Now (Taylor's Version),,
385,Ours (Taylor's Version),"July 7, 2023",----------------------------,----------------------------------------------------,Speak Now (Taylor's Version),Speak Now (Taylor's Version),,
386,Superman (Taylor's Version),"July 7, 2023",----------------------------,----------------------------,Speak Now (Taylor's Version),Speak Now (Taylor's Version),,
387,Electric Touch (Taylor's Version) (From The Vault),"July 7, 2023",,,Speak Now (Taylor's Version),Speak Now (Taylor's Version),,
388,When Emma Falls In Love (Taylor's Version) (From The Vault),"July 7, 2023","July 7, 2023",Eras Tour,Speak Now (Taylor's Version),Speak Now (Taylor's Version),,
389,I Can See You (Taylor's Version) (From The Vault),"July 7, 2023","August 3, 2023",Eras Tour,Speak Now (Taylor's Version),Speak Now (Taylor's Version),Promotional,Music Video
390,Castles Crumbling (Taylor's Version) (From The Vault),"July 7, 2023","July 28, 2023",Eras Tour,Speak Now (Taylor's Version),Speak Now (Taylor's Version),,
391,Foolish One (Taylor's Version) (From The Vault),"July 7, 2023",,,Speak Now (Taylor's Version),Speak Now (Taylor's Version),,
392,Timeless (Taylor's Version) (From The Vault),"July 7, 2023","July 14, 2023",Eras Tour,Speak Now (Taylor's Version),Speak Now (Taylor's Version),,
393,Dear John (Live From Minneapolis),"July 13, 2023","June 24, 2023",Eras Tour,Speak Now (Taylor's Version) Deluxe Digital,Speak Now (Taylor's Version),,
394,Last Kiss (Live From Kansas City),"July 13, 2023","July 8, 2023",Eras Tour,Speak Now (Taylor's Version) Deluxe Digital,Speak Now (Taylor's Version),,
395,Cruel Summer - Live from TS | The Eras Tour,"October 18, 2023","August 3, 2023",Eras Tour,Single,1989 (Taylor's Version),,
396,Cruel Summer - LP Giobbi Remix,"October 18, 2023",----------------------------,----------------------------------------------------,Remix,1989 (Taylor's Version),,
397,Welcome To New York (Taylor's Version),"October 27, 2023",----------------------------,----------------------------,1989 (Taylor's Version),1989 (Taylor's Version),,
398,Blank Space (Taylor's Version),"October 27, 2023",----------------------------,----------------------------,1989 (Taylor's Version),1989 (Taylor's Version),,
399,Style (Taylor's Version),"October 27, 2023",----------------------------,----------------------------,1989 (Taylor's Version),1989 (Taylor's Version),,
400,Out Of The Woods (Taylor's Version),"October 27, 2023",----------------------------,----------------------------,1989 (Taylor's Version),1989 (Taylor's Version),,
401,All You Had To Do Was Stay (Taylor's Version),"October 27, 2023",----------------------------,----------------------------,1989 (Taylor's Version),1989 (Taylor's Version),,
402,Shake It Off (Taylor's Version),"October 27, 2023",----------------------------,----------------------------,1989 (Taylor's Version),1989 (Taylor's Version),,
403,I Wish You Would (Taylor's Version),"October 27, 2023",----------------------------,----------------------------,1989 (Taylor's Version),1989 (Taylor's Version),,
404,Bad Blood (Taylor's Version),"October 27, 2023",----------------------------,----------------------------,1989 (Taylor's Version),1989 (Taylor's Version),,
405,How You Get The Girl (Taylor's Version),"October 27, 2023",----------------------------,----------------------------,1989 (Taylor's Version),1989 (Taylor's Version),,
406,I Know Places (Taylor's Version),"October 27, 2023",----------------------------,----------------------------,1989 (Taylor's Version),1989 (Taylor's Version),,
407,Clean (Taylor's Version),"October 27, 2023",----------------------------,----------------------------,1989 (Taylor's Version),1989 (Taylor's Version),,
408,Wonderland (Taylor's Version),"October 27, 2023",----------------------------,----------------------------,1989 (Taylor's Version),1989 (Taylor's Version),,
409,You Are In Love (Taylor's Version),"October 27, 2023",----------------------------,----------------------------,1989 (Taylor's Version),1989 (Taylor's Version),,
410,New Romantics (Taylor's Version),"October 27, 2023",----------------------------,----------------------------,1989 (Taylor's Version),1989 (Taylor's Version),,
411,"""Slut!"" (Taylor's Version) (From The Vault)","October 27, 2023",,,1989 (Taylor's Version),1989 (Taylor's Version),,
412,Say Don't Go (Taylor's Version) (From The Vault),"October 27, 2023",,,1989 (Taylor's Version),1989 (Taylor's Version),,
413,Now That We Don't Talk (Taylor's Version) (From The Vault),"October 27, 2023",,,1989 (Taylor's Version),1989 (Taylor's Version),,
414,Suburban Legends (Taylor's Version) (From The Vault),"October 27, 2023",,,1989 (Taylor's Version),1989 (Taylor's Version),,
415,Is It Over Now? (Taylor's Version) (From The Vault),"October 27, 2023",,,1989 (Taylor's Version),1989 (Taylor's Version),,
416,Sweeter Than Fiction (Taylor's Version),"October 27, 2023",,,1989 (Taylor's Version) Tangerine Edition,1989 (Taylor's Version),,